,2022-08-06 12:00,2022-08-06 23:00,2022-08-07 08:00,2022-08-07 13:00,2022-08-07 17:00,2022-08-07 18:00,2022-08-07 19:00,2022-08-07 21:00,2022-08-08 01:00,2022-08-08 06:00,2022-08-08 07:00,2022-08-08 08:00,2022-08-08 09:00,2022-08-08 10:00,2022-08-08 11:00,2022-08-08 12:00,2022-08-08 13:00,2022-08-08 14:00,2022-08-08 15:00,2022-08-08 16:00
0,如果老蒋赢了唐山烧烤店打人事件还会不会发生看看台湾就知道了台北市搜到多家山东水饺,幼儿园命案嫌犯同学称其脾气暴躁保护孩子牺牲的两名幼师呢怎么女英雄不配称颂吗唐山打人唐山被打女生后续,唐山烧烤店打人事件现在有结果了吗,这几天来最好笑的一点就是微博评论区里大部分脑残都觉得不转发就是不爱国还是两个大国会玩看看佩洛西访台以来这几天中国和美国的社会新闻都去哪了唐山打人事件幼儿园砍人事件飞机失事佟丽娅上海小红楼开车把人压死来回碾压鞭尸的互联网没有记忆,深度梳理唐山烧烤店打人事件第五集陈继志会得到怎样的刑罚管辖唐山烧烤店打人案是指定由廊坊广阳分局管辖大家注意这是分局并不是廊坊市局按照级别一致的原则广阳分局对应的就是广阳检察院和广阳法院就是说唐山烧烤店打人案第一审法院是由广阳区法院来进行而不是廊坊市中院是初全文,唐山被打女孩唐山打人事件巷子里后续我也不想相信谣言但是已经这么久了一点消息都没有现在甚至还有更可怕的信息流出请国家出手让我们这些普通人感觉到我们还是被保护着的而不是出了事无处申诉渭南,不知道后续结果从目前看来有点悲观唐山打人唐山身边事唐山被打女生后续,今年疾病特别凶猛都是突发性的譬如北京科兴生物负责政府公关的高官突发疾病岁英年早逝天津市市长廖国勋突发疾病过世唐山打人事件发生后负责人之一的河北省副省长省公安厅厅长刘文玺在一个月后的月日后突发疾病去世我以为是假的查了一下居然是真的全文,,唐山被打女孩后续小巷子等待唐山打人事件唐山烧烤店打人案侦办情况会公布唐山唐山被打女孩,姜广涛因商业经济纠纷配合调查姜广涛前妻发的微博我怎么觉得其实都是他前妻说的很偏激自己爱猫就抨击洪水中救狗狗更可气的是她怎么会支持唐山打人事件我之前刚刚严重抨击老气人了还特别喜欢男生支持自己儿子去骚扰别人最后这个亵渎去世之人的做法我超级气愤据这些资料我感觉全文,姜广涛前妻发的微博姜老师现在是墙倒众人推了吗这么多一起发踩他前妻是什么牛鬼蛇神当初不是也发道歉信了极度厌女还有唐山打人事件说大家搞男女对立现在是仗着姜广涛脱不开身没法搭理她就又来发疯了还有那些动不动就塌房的小学鸡塌就塌把过好自己的现实生活更重要,唐山被打女生后续唐山被打女生现状唐山打人唐山打人小巷子唐山烧烤店那几个女孩怎么样了啥时公布结果,唐山打人唐山被打女生后续赶紧毁灭吧,政法队伍教育整顿扫黑除恶唐山打人案警方出警时间公布作为一名人民警察接警后延时出警就不能及时达到阻止和震慑暴力侵害和行凶者说谎就更令人发指我们家店里事不出警甚拒绝出警已经是一种伤害了令人可憎的是袖手旁观不说还帮着不法分子盗窃贼捏造事实编造伪证对受害人落井下石,真的会谢唐山打人后续乌衣留学生江歌被害案吃花椒的喵酱,唐山一男子驾车撞倒碾压女友唐山已经不需要地域黑了每个地区肯定都有不好的事情唐山一下子被揪出这么多也是因为在风口浪尖上可以理解但是在唐山打人事件发酵这么久以后雷霆行动也在展开的时候还有这种新的恶性事件发生我说实话已经真的不需要我们黑了希望河北能提升一下教育质量吧全文,姜广涛大家可以去找以前前妻发的微博儿子骚扰女同学她叫好发微博说自己欣赏不了中国红唐山打人事件她说打人就打人呗真不可理喻,唐山再现打人事件怎么不能显示了,唐山再现打人事件人受伤凭什么禁掉词条就这么害怕事情暴露吗事情发生了不想着解决只想着压着舆论压得了一时半会又怎么样纸包不住火到时候又要用什么借口呢
1,,,,,,唐山打人这是个什么情况刘文玺和张媛他们怎么了,,中国警方在线河北省人民政府中国警察网络电视河北公安网络发言人秦皇岛海港公安分局秦皇岛公安网络发言人人民日报头条新闻河北新闻网河北唐山烧烤店打人事件警方通报唐山一男子驾车撞倒碾压女友出现这一系列的问题都来源于警方不作为要是警方对我们老百姓多点责任根本没有全文,,,,唐山打人你不管我们看个小说漫画你管的倒是起劲烦人现在的少年谁不看个漫画小说啊一天天的管那么宽唐山的黑恶势力你不管管没有的网传漫画平台整改新规,,奢侈品为什么能卖这么贵对于公子们公主们还有唐山那几位打人的大佬来说这都算不上奢侈品,联合辟谣微博辟谣打击网络谣言共建清朗家园中国互联网联合辟谣平台月辟谣榜唐山烧烤店打人事件中受伤女子去世甘肃广东安徽高考泄题今年高考数学平均分创新低父母失信会影响子女上大学中国互联网联合辟谣平台盘点月热传谣言重拳遏制谣言传播空间大力净化网络全文,唐山被打女生后续唐山烧烤店打人事件第天无产阶级持续等待后续,姜广涛前妻微博墙还没倒就急不可耐了一个为唐山打人者加油助威的女人一个离婚八个月就生孩子的女人一个离婚这么多年到今天才翻旧账的女人她的话可信度真的不高别被人当枪使还津津乐道行吗无语,这桩案件也不比唐山打人事件逊色也涉及了一条人命这家弄得支离破碎涉及的官员太多事情是河北省唐山市丰润小屯有一对老大爷孟宪成和他的老伴宋百芹告了十几年的官司白官屯镇大黑马店村干部何小六在任期间仗势欺人老两口去老家大黑马店发送老人还遭到毒打何小六们也是将老人尸体直全文,唐山再现打人事件牛逼压热搜,唐山打人黑龙江省肇东市亿万富翁徐海芬王永太王双雇凶杀人杀人犯王双雇黑社会在对青山租房看上我家人了要杀我家人灭口请哈尔滨公安局快来抓黑社会和杀人犯王双我报对青山派出所杀人不抓黑社会不抓请不要删我微博
2,,,,,,,,,,,,,,姜广涛小破圈子有锤能不能赶紧放锤啊被抓就被抓关他前妻那个支持唐山打人的疯女人什么关系啊,河北省公安厅厅长刘文玺去世打开那段聊天记录真的是有点细思极恐唐山打人的事儿只有审查过程够公开透明才能有效抵制一切阴谋论了,这一年过大半如果毒教材事情唐山烧烤打人事件二八事件到年底没有真相大白过年也不过不好,公示至深圳电话录音美团优选基于购物体验美团优选方案不是欺诈消费者的遮羞布出具索据证明不了美团优选没有缺斤少两没有欺诈消费者唐山打人事件鉴定轻松中级历历在目注水肉注到肉质呈果冻状多位买家评论直指注水肉缺斤少两欺诈消费者虚假宣传足以误导消费全文,唐山被打女孩唐山被打女生后续唐山打人被屏蔽了微博我没删水落石出的那天我才会删你别缺德互联网没有记忆但是我有气的手抖要么就出来辟谣你屏蔽了算什么人类,唐山烧烤店打人案侦办情况会公布无话可说,唐山又打人就是说这才几个月啊在公共场合打人已经被传出来三次了
3,,,,,,,,,,,,,,,唐山打人事件人民永远看不到后续人民用逻辑推断出了真实后续,唐山烧烤店打人案侦办情况会公布今天八月八号了怎么样了呀四个女孩还没消息那,河北省公安厅厅长刘文玺去世到现在也没弄明白唐山打人的始末没人采访没有新闻对新闻人来说这不应该啊集体失声了这是,最恐怖的是唐山打人案就没有后续了果然毫不在乎屁民的想法,蹲结果唐山烧烤店打人事件,唐山又双叒叕出事了微博还控评真无语都些什么人啊唐山打人唐山又出事了社会边野的微博视频
4,,,,,,,,,,,,,,,扫黑除恶打击黑恶势力保护伞河南卢氏县张麻村打人警方回应网传河南卢氏县打人事件一个小孩子被活生生打死这么多大都转发了警方给的结果是与事实不符那视频还有家属辟谣怎么说此事件比唐山打人事件更严重未成年就可以不受法律约束和制裁吗一个小孩被几个人活活打死真觉得这种事全文,唐山打人这些男的还没死,所以唐山打人事件后续呢,大学的导师是我很喜欢的一位老师丰县铁链女的时候他发声了唐山打人的时候他发声了那时候每天打开朋友圈都一定能够看到他的转发他的思考和他的表达给了我很多警醒和帮助还记得那些时候他转发的公众号是我点进去看完再出来内容就违规了今天和朋友聊起他时还在说那段时间都怕他被封全文,卧槽唐山又有打人事件了,唐山又双叒叕出事啦给我冲爆唐山谢谢唐山唐山打人唐山唐山身边事人民日报唐山打架事件名违法嫌疑人已到案女孩子们赶紧从唐山撤了吧别再受到伤害了的微博视频
5,,,,,,,,,,,,,,,唐山打人唐山被打女生后续警方辟谣河南男孩遭围殴致死对校园欺凌说不校园霸凌类似的暴力视频层出不穷原视频太让人气愤了,公安部门正抓捕唐山打人事件嫌疑人期待唐山杀人案早日公开审判还女孩公道还社会安宁还有其背后的保护伞也要严惩,河北唐山烧烤店打人事件关于我和东北女人的后续搞笑事件前天撒了一把头发碎渣渣在我书包和帽子上昨天我又去派出所了现在北京的各大派出所都有我的出警记录今天打算去收尾准备回老家的昨天问朋友和家里叔叔他们说不用隔离我准备把官司收尾和劳动事件收尾结果看到我我也看到了全文,唐山打人被铁链子拴着的八个孩子的妈妈唐山多名男子在烧烤店围殴多名女子中国女性从小到大都是块砖哪里需要搬哪里小的被邻居大爷侵犯怀孕家暴死了配阴婚还有屁股想出来的被窝计划,唐山打人事件后续偶尔想起来真的心寒毕竟随着时间的拖拉这件恶劣事件逐步从大众视野淡化想必事情的发展都在恶人的掌控之下平平百姓的声张正义永远激不起水花,家族家人们超话不能发视频吗朋友给了我一个新的唐山烧烤店打人
6,,,,,,,,,,,,,,,,唐山烧烤店打人案侦办情况会公布总是这样利用时间让大众忘却一件事情后续后续被打的女孩子到底怎么样了网上没有一点他们的相信她们她们的家人朋友完全没有消息我不相信这么多人一下子消失了背后是谁在操作全文,,,唐山再现打人事件看了视频和上次差不多,周二吁今年没有穿他的大金翅膀说观感太不好避避风头前阵子看唐山打人事件的视频里头那个男真是从服饰到体形到气质都和他颇为相似看到一半就已经很生气了代入感特别强甚至想打电话骂他一顿
7,,,,,,,,,,,,,,,,唐山再现打人事件这是怎么回事不给个说法吗,,,唐山再现打人事件哈,女孩收到录取通知书后跑进派出所所以这个地方的人民警察为人民多好希望在对比之下彻查唐山打人如果没有黑幕就还人民警察清白如果有就把蛀虫捉出来
8,,,,,,,,,,,,,,,,唐山打人事件还是没有消息,,,唐山打人事件话题呢别捂嘴了又出来了一个这是第三次打人了吧还是第四次,唐山再现打人事件不给看
9,,,,,,,,,,,,,,,,警方通报唐山被打女孩最新情况唐山打人,,,唐山再现打人事件这个社会到底在害怕什么,
10,,,,,,,,,,,,,,,,,,,唐山打人是别的地方没爆出来过还是你们那就容易出事感觉已经不太安全了,
11,,,,,,,,,,,,,,,,,,,朋友圈疯传唐山又双叒叕打人实则是枣庄的这没必要还有事情不管是哪里的都希望得到即使的处理,
12,,,,,,,,,,,,,,,,,,,唐山烧烤店被打女孩最新情况打人的几个人到底什么人感觉这个事件变得非常离奇也没有后续网传的沸沸扬扬到底真相是什么女孩们到底怎么样了,
13,,,,,,,,,,,,,,,,,,,唐山再现打人事件牛逼,
14,,,,,,,,,,,,,,,,,,,别压了我真的服了第几次了还压热搜缺不缺唐山打人事件,
15,,,,,,,,,,,,,,,,,,,唐山再现打人事件人受伤没热搜了快顶,
16,,,,,,,,,,,,,,,,,,,经过唐山打人事件后我就很少长时间登陆微博了只是偶尔想起会登陆后遗症吧也许这种憋屈的感觉会随着时间的流逝慢慢消退下去,
17,,,,,,,,,,,,,,,,,,,唐山再现打人事件唐山再现打人事件唐山再现打人事件还有人不知道吗,
18,,,,,,,,,,,,,,,,,,,唐山打人事件别压了,
19,,,,,,,,,,,,,,,,,,,唐山再现打人事件怎么又被压下来了,
20,,,,,,,,,,,,,,,,,,,唐山打人事件巷子里后续不信谣不传谣但是我还想说听说四个女孩被注销了户籍,
21,,,,,,,,,,,,,,,,,,,喷完就拉黑的江苏人跑到唐山打人也很厉害呢确实管不住锡山经济开发区,
22,,,,,,,,,,,,,,,,,,,唐山烧烤店打人案侦办情况会公布这边唐山事情没有结果隔壁台儿庄又出来事情这次可是露天的在大街上一条街的人都在看着那女的被打,
23,,,,,,,,,,,,,,,,,,,唐山打人不要靠近,
